Country, Name
South Korea, Mihyun Ahn
South Korea, Jong Do An
China, Yu An
South Korea, Soo Jung Ann
Japan, Miyako Arishima
Mongolia, Bat-Erdene Batbileg
United Kingdom, Otis William Beasley
Poland, Tymoteusz Bies
Poland, Rafał Błaszczyk
Poland, Łukasz Piotr Byrdy
Italy, Michelle Candotti
Italy, Luigi Carroccia
Taiwan, Hsin-Jo Chan
China, Haoguo Chen
China, Xuehong Chen
Russia, Galina Chistiakova
Russia, Irina Chistiakova
South Korea, Seong-Jin Cho
Singapore, Shaun Yung Sheng Choo
France, Valentin Cotton
Poland, Aleksandra Hortensja Dąbek
Japan, Chisaki Doi
China, Fei-Fei Dong
Poland, Michał Dziewior
France, Thibaud Epp
Italy, Martina Frezzotti
United Kingdom, Ashley Fripp
Japan, Madoka Fukami
Japan, Yasuko Furumi
Germany, Anton Gerzenberg
"Netherlands, Italy", Saskia Giorgini
Poland, Katarzyna Gołofit
Japan, Eriko Gomita
Poland, Adam Mikołaj Goździewski
Hungary, Ivett Gyöngyösi
United States, Anna Han
South Korea, Chi Ho Han
France, Olof Hansen
South Korea, Minsoo Hong
China, Ruoyu Huang
China, Zhi Chao Julian Jia
China, Wenbin Jin
Croatia, Aljoša Jurinić
South Korea, Joo Yeon Ka
Japan, Takuya Kambara
Japan, Airi Katada
Russia, Ruslan Kazakov
South Korea, Daye Kim
South Korea, Honggi Kim
South Korea, Su Yeon Kim
South Korea, Sung-Jae Kim
South Korea, Sunhwa Kim
South Korea, Yedam Kim
South Korea, Yoon-Jee Kim
South Korea, Yoonji Kim
Japan, Yurika Kimura
Ukraine, Dinara Klinton
United States, Carmen Knoll
Japan, Aimi Kobayashi
Japan, Kaito Kobayashi
Poland, Julia Kociuban
Japan, Aika Kondo
China, Qi Kong
Czech Republic, Marek Kozák
Poland, Mischa Kozłowski
Poland, Łukasz Krupiński
Poland, Krzysztof Książek
United States, Rachel Naomi Kudo
South Korea, Chulmin Lee
South Korea, EunAe Lee
South Korea, Jae Yoon Lee
South Korea, Yurim Lee
United States, George Li
China, Ning Yuen Li
China, Yihao Li
United States, Kate Liu
United States, Eric Lu
China, Tian Lu
China, Xin Luo
China, Weiwen Ma
Russia, Aleksandr Maltsev
Russia, Roman Martynov
Japan, Nagino Maruyama
France, Guillaume Masson
Sweden, Viktor Yuandong Mattsson
Russia, Vladimir Matusevich
Italy, Alessandro Mazzamuto
Japan, Nao Mieno
Poland, Łukasz Mikołajczyk
France, Nathalia Milstein
Poland, Paweł Motyczyński
"Greece, Venezuela", Alexia Mouza
South Korea, Jiyeong Mun
Poland, Karolina Nadolska
Japan, Kotaro Nagano
Japan, Mayaka Nakagawa
Japan, Nozomi Nakagiri
Japan, Fuyuko Nakamura
Japan, Yui Nakamura
Poland, Szymon Nehring
Russia, Anastasiia Nesterova
Poland, Grzegorz Niemczuk
Indonesia, Ronald Noerjadi
Japan, Mariko Nogami
Poland, Piotr Nowak
Japan, Arisa Onoda
Latvia, Georgijs Osokins
Japan, Misora Ozaki
China, Linzi Pan
South Korea, Jinhyung Park
Poland, Piotr Ryszard Pawlak
Poland, Zuzanna Pietrzak
Poland, Adam Piórkowski
Switzerland, François-Xavier Poizat
Hong Kong, Tiffany Poon
Ukraine, Markiyan Popil
United Kingdom, Kausikan Rajeshkumar
Japan, Kiana Reid
Canada, Charles Richard-Hamelin
Poland, Joanna Różewska-Kulasińska
Japan, Arisa Sakai
Uzbekistan, Tamila Salimdjanova
Romania, Cristian Ioan Sandrin
Japan, Motohiro Sato
Czech Republic, Natalie Schwamová
Hong Kong, Aristo Sham
China, Boyang Shi
South Korea, HyoJin Shin
Russia, Dmitry Shishkin
Russia, Alexandra Sikorskaya
South Korea, Jeung Beum Sohn
Taiwan, Szuyu Su
Japan, Rina Sudo
South Korea, Yekwon Sunwoo
Poland, Michał Szymanowski
Poland, Julia Maria Śliwa
Japan, Rikono Takeda
Russia, Arseny Tarasevich-Nikolaev
United States, Alexei Tartakovsky
China, Hin-Yat Tsang
Japan, Kanade Tsurusawa
Ukraine, Anna Ulaieva
United Kingdom, Alexander Ullman
China, Chao Wang
United States, Chelsea Wang
China, Zhu Wang
Poland, Marcin Wieczorek
Poland, Andrzej Wierciński
United States, Evan Wong
Canada, Victoria Wong
United States, Joshua Wright
China, Yuchong Wu
China, Qi Xu
China, Zi Xu
Canada, Tony Yike Yang
Belarus, Yuliya Yermalayeva
United States, Tianpeng Yu
Ukraine, Olga Zado (Zadorozhniuk)
China, Cheng Zhang
China, Chuhan Zhang
Canada, Annie Zhou
China, Ning Zhou
Russia, Anastasia Zorina